{"cameraMode":{"drawMode":0,"name":"Shaded","section":"Shading Mode"},"sceneLighting":true,"audioPlay":false,"sceneViewState":{"m_AlwaysRefresh":false,"showFog":true,"showSkybox":true,"showFlares":true,"showImageEffects":true,"showParticleSystems":true,"showVisualEffectGraphs":true,"m_FxEnabled":true},"in2DMode":false,"pivot":{"x":-12.450671195983887,"y":-13.565109252929688,"z":14.044797897338868},"rotation":{"x":0.4982164204120636,"y":-0.07136978954076767,"z":0.041197292506694797,"w":0.863133430480957},"size":31.594207763671876,"orthographic":false}